Name,Age,Gender,Salary,Department
John,-1.3100006469140595,1,-1.355815361366601,2
Alice,0.0,0,1.355815361366601,1
Bob,1.6011119017838504,1,0.0,0
Charlie,0.4366668823046865,1,-0.8134892168199607,2
Diana,-0.7277781371744775,0,0.8134892168199607,3
